name,price,brand,link
Haier Mobile Esteem V40,29900,Haier,http://www.shophive.com/esteem-v40
MMobile X102,1989,MMobile,http://www.shophive.com/mmobile-x102
MMobile X100,1749,MMobile,http://www.shophive.com/mmobile-x100
MMobile X400,2649,MMobile,http://www.shophive.com/mmobile-x400
MMobile X660,2849,MMobile,http://www.shophive.com/mmobile-x660
MMobile X770N,3149,MMobile,http://www.shophive.com/mmobile-x770n
MMobile P10i SPLENDOR,8699,MMobile,http://www.shophive.com/mmobile-p10i-splendor
MMobile P12i SPLENDOR,9699,MMobile,http://www.shophive.com/mmobile-p12i-splendor
MMobile P15i SPLENDOR,13799,MMobile,http://www.shophive.com/mmobile-p15i-splendor
Oppo N1,49999,Oppo,http://www.shophive.com/oppo-n1
Oppo Find 5,54999,Oppo,http://www.shophive.com/oppo-find-5
Oppo Joy,14999,Oppo,http://www.shophive.com/oppo-joy
Oppo Yoyo,25899,Oppo,http://www.shophive.com/oppo-yoyo
Oppo Neo 3,19899,Oppo,http://www.shophive.com/oppo-neo-3
Oppo R1K,39999,Oppo,http://www.shophive.com/oppo-r1k
Oppo Find 7,55999,Oppo,http://www.shophive.com/oppo-find-7
Oppo R5,49899,Oppo,http://www.shophive.com/oppo-r5
Oppo N3 ,69899,Oppo,http://www.shophive.com/oppo-n3
Sony Ericsson W995 Pink,19999,Sony,http://www.shophive.com/sony-ericsson-w995-pink
Sony Ericsson W980 ,14999,Sony,http://www.shophive.com/sony-ericsson-w980
Alcatel OneTouch 1012G,11999,Alcatel,http://www.shophive.com/alcatel-onetouch-1012g
Lenovo S860,26499,Lenovo,http://www.shophive.com/lenovo-s860
Lenovo S650,17999,Lenovo,http://www.shophive.com/lenovo-s650
Lenovo A369,8999,Lenovo,http://www.shophive.com/lenovo-a369
Lenovo S850 White,24899,Lenovo,http://www.shophive.com/lenovo-s850
Lenovo S850 Blue,24899,Lenovo,http://www.shophive.com/lenovo-s850-blue
Lenovo A369i,7899,Lenovo,http://www.shophive.com/lenovo-a369i
Lenovo A800,20499,Lenovo,http://www.shophive.com/lenovo-a800
Lenovo A328,12199,Lenovo,http://www.shophive.com/lenovo-a328
Lenovo Vibe X2,30499,Lenovo,http://www.shophive.com/lenovo-vibe-x2
Lenovo A889,15999,Lenovo,http://www.shophive.com/lenovo-a889
Lenovo S939,20999,Lenovo,http://www.shophive.com/lenovo-s939
Lenovo A916,23999,Lenovo,http://www.shophive.com/lenovo-a916
Lenovo S90,29499,Lenovo,http://www.shophive.com/lenovo-s90
Lenovo S60,22700,Lenovo,http://www.shophive.com/lenovo-s60
Lenovo VIBE S1,36499,Lenovo,http://www.shophive.com/lenovo-vibe-s1
Lenovo A319,7899,Lenovo,http://www.shophive.com/lenovo-a319
Motorola ATRIX,49999,Motorola,http://www.shophive.com/motorola-atrix
Motorola Moto X 16GB LTE,36999,Motorola,http://www.shophive.com/motorola-moto-x-16gb-lte
QMobile R850,2474,QMobile,http://www.shophive.com/qmobile-r850
Qmobile Noir X400,10499,Qmobile,http://www.shophive.com/qmobile-noir-x400
QMobile R950,2449,QMobile,http://www.shophive.com/qmobile-r950
QMobile Noir X300,12499,QMobile,http://www.shophive.com/qmobile-noir-x300
QMobile Noir X500,10999,QMobile,http://www.shophive.com/qmobile-noir-x500
QMobile W20,2199,QMobile,http://www.shophive.com/qmobile-w20
QMobile W200,3799,QMobile,http://www.shophive.com/qmobile-w200
QMobile Noir X200,10499,QMobile,http://www.shophive.com/qmobile-noir-x200
QMobile Noir X35,7249,QMobile,http://www.shophive.com/qmobile-noir-x35
QMobile R800,2624,QMobile,http://www.shophive.com/qmobile-r800
QMobile Noir X150,9949,QMobile,http://www.shophive.com/qmobile-noir-x150
QMobile M20,1999,QMobile,http://www.shophive.com/qmobile-m20
QMobile M10,1949,QMobile,http://www.shophive.com/qmobile-m10
QMobile M80,2199,QMobile,http://www.shophive.com/qmobile-m80
QMobile Noir M90,13499,QMobile,http://www.shophive.com/qmobile-m90
QMobile R700,1999,QMobile,http://www.shophive.com/qmobile-r700
QMobile X800 8GB,12999,QMobile,http://www.shophive.com/qmobile-x800
QMobile Noir X5,3999,QMobile,http://www.shophive.com/qmobile-noir-x5
QMobile Noir X2,4199,QMobile,http://www.shophive.com/qmobile-noir-x2
QMobile X4,2689,QMobile,http://www.shophive.com/qmobile-x4
QMobile i5i,9499,QMobile,http://www.shophive.com/qmobile-i5i
QMobile S300,2174,QMobile,http://www.shophive.com/qmobile-s300
QMobile R300,1849,QMobile,http://www.shophive.com/qmobile-r300
QMobile R350,1849,QMobile,http://www.shophive.com/qmobile-r350
QMobile R370,1899,QMobile,http://www.shophive.com/qmobile-r370
QMobile R450 TV,2899,QMobile,http://www.shophive.com/qmobile-r450-tv
QMobile R500,2289,QMobile,http://www.shophive.com/qmobile-r500
QMobile R750,2499,QMobile,http://www.shophive.com/qmobile-r700-20094
QMobile R740,2474,QMobile,http://www.shophive.com/qmobile-r740
QMobile R900,2599,QMobile,http://www.shophive.com/qmobile-r900
QMobile R220,1749,QMobile,http://www.shophive.com/qmobile-r220
QMobile Linq X100,8149,QMobile,http://www.shophive.com/qmobile-linq-x100
QMobile Linq X70,7049,QMobile,http://www.shophive.com/qmobile-linq-x70
QMobile Noir X100,11499,QMobile,http://www.shophive.com/qmobile-noir-x100
QMobile Noir X250,10799,QMobile,http://www.shophive.com/qmobile-noir-x250
QMobile X7,2849,QMobile,http://www.shophive.com/qmobile-x7
QMobile C6,2289,QMobile,http://www.shophive.com/qmobile-c6
QMobile M25,1999,QMobile,http://www.shophive.com/qmobile-m25
QMobile Noir LT250,13899,QMobile,http://www.shophive.com/qmobile-noir-lt250
QMobile Linq L10,13499,QMobile,http://www.shophive.com/qmobile-linq-l10
QMobile Noir LT150,10899,QMobile,http://www.shophive.com/qmobile-noir-lt150
QMobile S150,2074,QMobile,http://www.shophive.com/qmobile-s150
QMobile Noir A900,18799,QMobile,http://www.shophive.com/qmobile-noir-a900
QMobile E9,4199,QMobile,http://www.shophive.com/qmobile-e9
QMobile E990,3799,QMobile,http://www.shophive.com/qmobile-e990
QMobile Noir i5,8799,QMobile,http://www.shophive.com/qmobile-noir-i5
QMobile Noir Z6,22499,QMobile,http://www.shophive.com/qmobile-z6
QMobile X11,6649,QMobile,http://www.shophive.com/qmobile-x11
QMobile X25,6949,QMobile,http://www.shophive.com/qmobile-x25
QMobile B65,1799,QMobile,http://www.shophive.com/qmobile-b65
QMobile Noir i12,18499,QMobile,http://www.shophive.com/qmobile-noir-i12
QMobile E5,2949,QMobile,http://www.shophive.com/qmobile-e5
QMobile E4,2749,QMobile,http://www.shophive.com/qmobile-e4
QMobile B80,1989,QMobile,http://www.shophive.com/qmobile-b80
QMobile Noir A950,22499,QMobile,http://www.shophive.com/qmobile-noir-a950
QMobile Noir Quatro Z3,23499,QMobile,http://www.shophive.com/qmobile-noir-quatro-z3
QMobile E50,2649,QMobile,http://www.shophive.com/qmobile-e50
QMobile E95,3499,QMobile,http://www.shophive.com/qmobile-e95
QMobile X6,3899,QMobile,http://www.shophive.com/qmobile-x6
Qmobile M450,1799,Qmobile,http://www.shophive.com/qmobile-m450
Qmobile M650,2949,Qmobile,http://www.shophive.com/qmobile-m650
QMobile B120 TV,2649,QMobile,http://www.shophive.com/qmobile-b120-tv
QMobile G175,1699,QMobile,http://www.shophive.com/qmobile-g175
QMobile M700,2499,QMobile,http://www.shophive.com/qmobile-g175-9121
QMobile C12,1829,QMobile,http://www.shophive.com/qmobile-c12
QMobile R1000,2749,QMobile,http://www.shophive.com/qmobile-r1000
QMobile R200,1699,QMobile,http://www.shophive.com/qmobile-r200
QMobile C2,1849,QMobile,http://www.shophive.com/qmobile-c2
QMobile C3,1749,QMobile,http://www.shophive.com/qmobile-c3
QMobile R390,1989,QMobile,http://www.shophive.com/qmobile-r390
QMobile G101,1699,QMobile,http://www.shophive.com/qmobile-g101
QMobile R650,2699,QMobile,http://www.shophive.com/qmobile-r650
QMobile B85,2049,QMobile,http://www.shophive.com/qmobile-b85
QMobile B600,2849,QMobile,http://www.shophive.com/qmobile-b600
QMobile B500,2799,QMobile,http://www.shophive.com/qmobile-b500
QMobile M800,2249,QMobile,http://www.shophive.com/qmobile-m800
QMobile Noir A290,7799,QMobile,http://www.shophive.com/qmobile-a290
QMobile B100,2249,QMobile,http://www.shophive.com/qmobile-b100
QMobile B170,2699,QMobile,http://www.shophive.com/qmobile-b170
QMobile B60,2399,QMobile,http://www.shophive.com/qmobile-b60
QMobile B30,1999,QMobile,http://www.shophive.com/qmobile-b30
QMobile B255,2049,QMobile,http://www.shophive.com/qmobile-b255
QMobile B260,2099,QMobile,http://www.shophive.com/qmobile-b260
QMobile R250,2549,QMobile,http://www.shophive.com/qmobile-r250
QMobile S250,2149,QMobile,http://www.shophive.com/qmobile-s250
 QMobile M70,2499,QMobile,http://www.shophive.com/qmobile-m70
 QMobile R400,2249,QMobile,http://www.shophive.com/qmobile-r400
 QMobile R440,2149,QMobile,http://www.shophive.com/qmobile-r440
 QMobile Noir S1,10949,QMobile,http://www.shophive.com/qmobile-noir-s1
 QMobile Noir S5,14899,QMobile,http://www.shophive.com/qmobile-noir-s5
 QMobile Bolt T200,5349,QMobile,http://www.shophive.com/qmobile-bolt-t200
QMobile Bolt T300,7249,QMobile,http://www.shophive.com/qmobile-bolt-t300
 QMobile Bolt T400,7999,QMobile,http://www.shophive.com/qmobile-bolt-t400
QMobile Bolt T500,8999,QMobile,http://www.shophive.com/qmobile-bolt-t500
 QMobile R395,2249,QMobile,http://www.shophive.com/qmobile-r395
Qmobile R3000,2949,Qmobile,http://www.shophive.com/qmobile-r3000
 QMobile R250,2249,QMobile,http://www.shophive.com/qmobile-r250-24819
 QMobile Noir M82,7949,QMobile,http://www.shophive.com/qmobile-noir-m82
 QMobile N150,2199,QMobile,http://www.shophive.com/qmobile-n150
Qmobile N175,2599,Qmobile,http://www.shophive.com/qmobile-n175
QMobile N90,2069,QMobile,http://www.shophive.com/qmobile-n90
QMobile Power 3,2599,QMobile,http://www.shophive.com/qmobile-power-3
 QMobile Power 4,2274,QMobile,http://www.shophive.com/qmobile-power4
QMobile R100,2049,QMobile,http://www.shophive.com/qmobile-r100
QMobile R2000,2649,QMobile,http://www.shophive.com/qmobile-r2000
QMobile Bolt T50,4989,QMobile,http://www.shophive.com/qmobile-bolt-t50
QMobile V2,9899,QMobile,http://www.shophive.com/qmobile-v2
 QMobile Noir M82i,6899,QMobile,http://www.shophive.com/qmobile-noir-m82i
 QMobile Noir M95,10499,QMobile,http://www.shophive.com/qmobile-noir-m95
 QMobile Bolt T5,3649,QMobile,http://www.shophive.com/qmobile-bolt-t5
 QMobile Bolt T250,5599,QMobile,http://www.shophive.com/qmobile-bolt-t250
 QMobile Bolt T480,6499,QMobile,http://www.shophive.com/qmobile-bolt-t480
 QMobile Noir X34,6649,QMobile,http://www.shophive.com/qmobile-noir-x34
 QMobile X4,2449,QMobile,http://www.shophive.com/qmobile-x4-26251
Qmobile Noir X40,6989,Qmobile,http://www.shophive.com/qmobile-noir-x40
QMobile Noir i6i ,8249,QMobile,http://www.shophive.com/qmobile-noir-i6i
QMobile Noir Z8 Plus,20999,QMobile,http://www.shophive.com/qmobile-noir-z8-plus
QMobile Z9,22499,QMobile,http://www.shophive.com/qmobile-z9
 QMobile Noir X1,4499,QMobile,http://www.shophive.com/qmobile-noir-x1
QMobile X14,6599,QMobile,http://www.shophive.com/qmobile-x14
QMobile X2 Music,3849,QMobile,http://www.shophive.com/qmobile-x2-music
QMobile X2i,3999,QMobile,http://www.shophive.com/qmobile-x2i
QMobile Noir X3,6649,QMobile,http://www.shophive.com/qmobile-noir-x3
QMobile Noir X30,5489,QMobile,http://www.shophive.com/qmobile-noir-x30
QMobile X6i,4499,QMobile,http://www.shophive.com/qmobile-x6i
QMobile X950,26499,QMobile,http://www.shophive.com/qmobile-x950
QMobile W1,5989,QMobile,http://www.shophive.com/qmobile-w1
QMobile S200,2099,QMobile,http://www.shophive.com/qmobile-s200
QMobile Noir M300,15999,QMobile,http://www.shophive.com/qmobile-noir-m300
QMobile C10,1949,QMobile,http://www.shophive.com/qmobile-c10
QMobile M30,2199,QMobile,http://www.shophive.com/qmobile-m30
QMobile R480,2649,QMobile,http://www.shophive.com/qmobile-r480
QMobile R550,1924,QMobile,http://www.shophive.com/qmobile-r550
QMobile R990,2949,QMobile,http://www.shophive.com/qmobile-r990
QMobile N100,2149,QMobile,http://www.shophive.com/qmobile-n100
QMobile Noir Z8,16989,QMobile,http://www.shophive.com/qmobile-noir-z8
QMobile Noir X450,10499,QMobile,http://www.shophive.com/qmobile-noir-x450
QMobile E875,3649,QMobile,http://www.shophive.com/qmobile-e785
QMobile Noir X900 8GB,13999,QMobile,http://www.shophive.com/qmobile-noir-x900-20176
QMobile S50,2049,QMobile,http://www.shophive.com/qmobile-s50
Qmobile Noir V2,9899,Qmobile,http://www.shophive.com/qmobile-noir-v2
QMobile Noir X600,14899,QMobile,http://www.shophive.com/qmobile-noir-x600
QMobile Noir X550,13499,QMobile,http://www.shophive.com/qmobile-noir-x550
QMobile Noir X60,7499,QMobile,http://www.shophive.com/qmobile-noir-x60
QMobile Noir X700,13889,QMobile,http://www.shophive.com/qmobile-noir-x700
QMobile Noir X80,6899,QMobile,http://www.shophive.com/qmobile-noir-x80
QMobile Noir X900 16GB,14899,QMobile,http://www.shophive.com/qmobile-noir-x900
QMobile Noir X350,9799,QMobile,http://www.shophive.com/qmobile-noir-x350
QMobile E739,1849,QMobile,http://www.shophive.com/qmobile-e739
 QMobile Noir i8,11899,QMobile,http://www.shophive.com/qmobile-noir-i8
QMobile J2500,2549,QMobile,http://www.shophive.com/qmobile-j2500
QMobile J5500,2999,QMobile,http://www.shophive.com/qmobile-j5500
 QMobile L3,1524,QMobile,http://www.shophive.com/qmobile-l3
 QMobile L4,1499,QMobile,http://www.shophive.com/qmobile-l4
 QMobile Noir LT600,14899,QMobile,http://www.shophive.com/qmobile-noir-lt600
 QMobile M125,2349,QMobile,http://www.shophive.com/qmobile-m125
 QMobile M225,2399,QMobile,http://www.shophive.com/qmobile-m225
 QMobile Noir i4,7249,QMobile,http://www.shophive.com/qmobile-noir-i4
 QMobile H67,2299,QMobile,http://www.shophive.com/qmobile-h67
 QMobile H54,2049,QMobile,http://www.shophive.com/qmobile-h54
Qmobile L1,1489,Qmobile,http://www.shophive.com/qmobile-l1
QMobile L2,1549,QMobile,http://www.shophive.com/qmobile-l2
QMobile R240,2049,QMobile,http://www.shophive.com/qmobile-r240
QMobile R360,2599,QMobile,http://www.shophive.com/qmobile-r360
QMobile Noir X10,4649,QMobile,http://www.shophive.com/qmobile-noir-x10
QMobile E995,3499,QMobile,http://www.shophive.com/qmobile-e995
QMobile A900,18799,QMobile,http://www.shophive.com/qmobile-a900
Qmobile A950,22499,Qmobile,http://www.shophive.com/qmobile-a950
 QMobile M250,2449,QMobile,http://www.shophive.com/qmobile-m250
"OnePlus 2 (Sandstone Black, 64GB)",57999,OnePlus,http://www.shophive.com/oneplus-2
LG Nexus 5X - 32GB,56999,LG,http://www.shophive.com/lg-nexus-5x-32gb
LG Nexus 5 16GB Black,33999,LG,http://www.shophive.com/lg-nexus-5-16gb-black
LG G3 16GB,35999,LG,http://www.shophive.com/lg-g3
LG G2 32GB,59999,LG,http://www.shophive.com/lg-g2-32gb
LG G3 32GB,39999,LG,http://www.shophive.com/lg-g3-32gb
LG G4 32GB,50999,LG,http://www.shophive.com/lg-g4
LG G Flex 2,41999,LG,http://www.shophive.com/lg-g-flex-2
LG V10,N/A,LG,http://www.shophive.com/lg-v10
LG Nexus 5X - 16GB,44999,LG,http://www.shophive.com/lg-nexus-5x-16gb
Huawei Honor 3C,17899,Huawei,http://www.shophive.com/huawei-honor-3c
Huawei Ascend P7,40999,Huawei,http://www.shophive.com/huawei-ascend-p7
Huawei Ascend G730,21499,Huawei,http://www.shophive.com/huawei-ascend-g730
Huawei Honor 6,36499,Huawei,http://www.shophive.com/huawei-honor-6
Huawei Ascend Mate 7 ,49999,Huawei,http://www.shophive.com/huawei-ascend-mate-7
Huawei Ascend Y330,8999,Huawei,http://www.shophive.com/huawei-ascend-y330
Huawei Ascend G630,17999,Huawei,http://www.shophive.com/huawei-ascend-g630-u20
Huawei Y530,14999,Huawei,http://www.shophive.com/huawei-y530
Huawei Ascend G750,31999,Huawei,http://www.shophive.com/huawei-honor-3x-g750
Huawei Ascend G700,25899,Huawei,http://www.shophive.com/huawei-ascend-g700
Huawei Ascend Y511,12299,Huawei,http://www.shophive.com/huawei-ascend-y511
Huawei Ascend G610,15999,Huawei,http://www.shophive.com/huawei-g610
Huawei Ascend G510,11999,Huawei,http://www.shophive.com/huawei-ascend-g510-0200
Huawei G3622,1999,Huawei,http://www.shophive.com/huawei-g3622
Huawei G3621,1999,Huawei,http://www.shophive.com/huawei-g3621
Huawei Ascend P6,36499,Huawei,http://www.shophive.com/huawei-ascend-p6
Huawei Ascend Y600,13499,Huawei,http://www.shophive.com/huawei-ascend-y600
Huawei Ascend Y520,9799,Huawei,http://www.shophive.com/huawei-ascend-y520
Huawei P8max,N/A,Huawei,http://www.shophive.com/huawei-p8max
Huawei Honor 7,43999,Huawei,http://www.shophive.com/huawei-honor-7
Huawei Nexus 6P,69999,Huawei,http://www.shophive.com/huawei-nexus-6p
Huawei Honor 4C,19999,Huawei,http://www.shophive.com/huawei-honor-4c
Huawei G8,40999,Huawei,http://www.shophive.com/huawei-g8
Huawei Mate S,67999,Huawei,http://www.shophive.com/huawei-mate-s
Huawei Ascend G7,27499,Huawei,http://www.shophive.com/huawei-ascend-g7
 Huawei Y635,13499,Huawei,http://www.shophive.com/huawei-y635
Huawei Y625,12999,Huawei,http://www.shophive.com/huawei-y625
Huawei Honor 3C Lite,15999,Huawei,http://www.shophive.com/huawei-honor-3c-lite
Huawei Ascend Y221,7599,Huawei,http://www.shophive.com/huawei-ascend-y221
Huawei Ascend Y550,14999,Huawei,http://www.shophive.com/huawei-ascend-y550
Huawei P8,53999,Huawei,http://www.shophive.com/huawei-p8
Huawei P8 Lite,23899,Huawei,http://www.shophive.com/huawei-p8-lite
HUAWEI Y3,8499,HUAWEI,http://www.shophive.com/huawei-y3
Huawei Y5,10999,Huawei,http://www.shophive.com/huawei-y5
Nokia Asha 308 Dual Sim,8749,Nokia,http://www.shophive.com/nokia-asha-308-dual-sim
Nokia Asha 205 Dual Sim,5499,Nokia,http://www.shophive.com/nokia-asha-205-dual-sim
Nokia 225 Dual SIM,6675,Nokia,http://www.shophive.com/nokia-225-dual-sim
Nokia 2730 classic,9999,Nokia,http://www.shophive.com/nokia-2730-classic
Nokia Lumia 620,19999,Nokia,http://www.shophive.com/nokia-lumia-620
Nokia E72,23999,Nokia,http://www.shophive.com/nokia-e72
Nokia E75,10999,Nokia,http://www.shophive.com/nokia-e75
Nokia E6,22999,Nokia,http://www.shophive.com/nokia-e6
Nokia Lumia 930,54199,Nokia,http://www.shophive.com/nokia-lumia-930
Nokia 3710 Fold,11999,Nokia,http://www.shophive.com/nokia-3710-fold
Nokia 130,3050,Nokia,http://www.shophive.com/nokia-130
Nokia Lumia 830,45399,Nokia,http://www.shophive.com/nokia-lumia-830
Nokia lumia 730 Dual Sim,20749,Nokia,http://www.shophive.com/nokia-lumia-730-dual-sim
Nokia Asha 305 Dual Sim,7799,Nokia,http://www.shophive.com/nokia-asha-305
Nokia Asha 500 Dual Sim,5999,Nokia,http://www.shophive.com/nokia-asha-500-dual-sim
Nokia Asha 210,7799,Nokia,http://www.shophive.com/nokia-asha-210
Nokia Lumia 625,22499,Nokia,http://www.shophive.com/nokia-lumia-625
Nokia 108,3549,Nokia,http://www.shophive.com/nokia-108
Nokia Lumia 1020,48899,Nokia,http://www.shophive.com/nokia-lumia-1020
Nokia Lumia 1520,48999,Nokia,http://www.shophive.com/nokia-lumia-1520
Nokia Asha 503 Dual Sim,8799,Nokia,http://www.shophive.com/nokia-asha-503-dual-sim
Nokia Lumia 800,39899,Nokia,http://www.shophive.com/nokia-lumia-800
Nokia 107,2949,Nokia,http://www.shophive.com/nokia-107
Nokia 220,4949,Nokia,http://www.shophive.com/nokia-220
Nokia Lumia 520,10349,Nokia,http://www.shophive.com/nokia-lumia-520
Nokia Lumia 630 Dual,15949,Nokia,http://www.shophive.com/nokia-lumia-630
Nokia Lumia 900,42999,Nokia,http://www.shophive.com/nokia-lumia-900
Nokia 105,2675,Nokia,http://www.shophive.com/nokia-105
Nokia Lumia 530,10849,Nokia,http://www.shophive.com/nokia-lumia-530
Nokia 5330 Mobile TV Edition,17249,Nokia,http://www.shophive.com/nokia-5330-mobile-tv-edition
Nokia N76,13999,Nokia,http://www.shophive.com/nokia-n76
 Nokia 5610 XpressMusic,9999,Nokia,http://www.shophive.com/nokia-5610-xpressmusic
Nokia 8600 Luna,22999,Nokia,http://www.shophive.com/nokia-8600-luna
Nokia 6600 Fold,17499,Nokia,http://www.shophive.com/nokia-6600
Nokia 6500 slide,12999,Nokia,http://www.shophive.com/nokia-6500-slide
Nokia 105 Dual Sim,2749,Nokia,http://www.shophive.com/nokia-105-dual-sim
Nokia 6210 Navigator,12999,Nokia,http://www.shophive.com/nokia-6210-navigator
Nokia C3-01 (Touch & Type),11999,Nokia,http://www.shophive.com/nokia-c3-01-touch-type
Nokia E5,11999,Nokia,http://www.shophive.com/nokia-e5-28952
Microsoft Lumia 950 Dual SIM,64499,Microsoft,http://www.shophive.com/microsoft-lumia-950-dual-sim
Microsoft Lumia 550,14499,Microsoft,http://www.shophive.com/microsoft-lumia-550
Nokia 230 - (Dual Camera & Dual Flash Light),N/A,Nokia,http://www.shophive.com/nokia-230
Nokia E65,11999,Nokia,http://www.shophive.com/nokia-e65
Nokia 6300,11499,Nokia,http://www.shophive.com/nokia-6300
Nokia 6500 classic,7999,Nokia,http://www.shophive.com/nokia-6500-classic
Nokia N85,18399,Nokia,http://www.shophive.com/nokia-n85
Nokia 6260 slide,22999,Nokia,http://www.shophive.com/nokia-6260-slide
Nokia Lumia 535 ,13899,Nokia,http://www.shophive.com/nokia-lumia-535
Nokia 5310 XpressMusic,10999,Nokia,http://www.shophive.com/nokia-5310-xpressmusic
Nokia Lumia 640 XL,22699,Nokia,http://www.shophive.com/nokia-lumia-640-xl
 Nokia 215 Dual SIM,4099,Nokia,http://www.shophive.com/nokia-215-dual-sim
Nokia Lumia 430 Dual SIM,7949,Nokia,http://www.shophive.com/nokia-lumia-430-dual-sim
Nokia Lumia 435,7949,Nokia,http://www.shophive.com/nokia-lumia-435
Nokia Lumia 540 Dual SIM,16249,Nokia,http://www.shophive.com/nokia-lumia-540-dual-sim
Nokia Lumia 532 Dual SIM,8699,Nokia,http://www.shophive.com/nokia-lumia-532-dual-sim
Nokia N95,12499,Nokia,http://www.shophive.com/nokia-n95
Microsoft Lumia 950,49999,Microsoft,http://www.shophive.com/microsoft-lumia-950
HTC Desire 820 Dual Sim,31999,HTC,http://www.shophive.com/htc-desire-820
HTC One M8 16GB Dual Sim,62999,HTC,http://www.shophive.com/htc-one-m8-dual-sim
HTC One 32GB,42999,HTC,http://www.shophive.com/htc-one
HTC Desire 816 Dual Sim,27499,HTC,http://www.shophive.com/htc-desire-816-dual-sim
HTC One M8 16GB Single Sim,48999,HTC,http://www.shophive.com/htc-one-m8
HTC One M9,59999,HTC,http://www.shophive.com/htc-one-m9
HTC Desire 616 Dual Sim,25999,HTC,http://www.shophive.com/htc-desire-616-dual-sim
HTC One M8 Eye,54999,HTC,http://www.shophive.com/htc-one-m8-eye
HTC Butterfly S,28999,HTC,http://www.shophive.com/htc-butterfly-s
HTC Desire 826 Dual,34999,HTC,http://www.shophive.com/htc-desire-826-dual
HTC Desire 626,21999,HTC,http://www.shophive.com/htc-desire-626
HTC Desire 620 Dual Sim,37999,HTC,http://www.shophive.com/htc-desire-620-dual-sim
HTC Desire Eye,43999,HTC,http://www.shophive.com/htc-desire-eye
BlackBerry Q10 ,17999,BlackBerry,http://www.shophive.com/blackberry-q10
BlackBerry Curve 9300 ,10999,BlackBerry,http://www.shophive.com/blackberry-curve-9300
BlackBerry Porsche Design P9981,164999,BlackBerry,http://www.shophive.com/blackberry-porsche-design-p9981
BlackBerry Porsche Design P9982,73999,BlackBerry,http://www.shophive.com/blackberry-porsche-design-p9982
BlackBerry Z30,32999,BlackBerry,http://www.shophive.com/blackberry-z30
BlackBerry Curve 9360 Black,21999,BlackBerry,http://www.shophive.com/blackberry-curve-9360-black
BlackBerry Torch 9800 Black,14999,BlackBerry,http://www.shophive.com/blackberry-torch-9800-black
BlackBerry Bold 3 9780 Black,14999,BlackBerry,http://www.shophive.com/blackberry-bold-3-9780-white
BlackBerry Z10 ,21499,BlackBerry,http://www.shophive.com/blackberry-z10
BlackBerry Curve 9320 ,15999,BlackBerry,http://www.shophive.com/blackberry-curve-9320
BlackBerry Priv,94999,BlackBerry,http://www.shophive.com/blackberry-priv
BlackBerry Porsche Design P9984 (Keian),N/A,BlackBerry,http://www.shophive.com/blackberry-porsche-design-p9984-keian
BlackBerry Leap,30499,BlackBerry,http://www.shophive.com/blackberry-leap
Blackberry Classic,38999,Blackberry,http://www.shophive.com/blackberry-classic
BlackBerry Porsche Design P9983,105999,BlackBerry,http://www.shophive.com/blackberry-p9983
BlackBerry Passport,56999,BlackBerry,http://www.shophive.com/blackberry-passport
BlackBerry Z3,24999,BlackBerry,http://www.shophive.com/blackberry-z3
Blackberry Curve 9220,13999,Blackberry,http://www.shophive.com/blackberry-curve-9220
Sony Xperia C3,27499,Sony,http://www.shophive.com/sony-xperia-c3
Sony Xperia Z3 Compact,49999,Sony,http://www.shophive.com/sony-xperia-z3-compact
Sony Xperia Z3,65999,Sony,http://www.shophive.com/sony-xperia-z3
Sony Xperia T2 Ultra,39999,Sony,http://www.shophive.com/sony-xperia-t2-ultra
Sony Xperia M2,24999,Sony,http://www.shophive.com/sony-xperia-m2
Sony Xperia Z1 Compact,51499,Sony,http://www.shophive.com/sony-xperia-z1-compact
Sony Xperia M2 Aqua ,27499,Sony,http://www.shophive.com/sony-xperia-m2-aqua-dual
Sony Xperia Z3 Dual,59999,Sony,http://www.shophive.com/sony-xperia-z3-dual
Sony Xperia Z5 Dual,67999,Sony,http://www.shophive.com/sony-xperia-z5-dual
Sony Xperia E4 Dual,14999,Sony,http://www.shophive.com/sony-xperia-e4-dual
Sony Xperia E3 Dual,14999,Sony,http://www.shophive.com/sony-xperia-e3-dual
Sony Xperia Z5 Premium,78999,Sony,http://www.shophive.com/sony-xperia-z5-premium
Sony Xperia E Dual,19999,Sony,http://www.shophive.com/sony-xperia-e-dual
Sony Xperia T3,39999,Sony,http://www.shophive.com/sony-xperia-t3
Samsung Galaxy Note 4 Dual Sim,76999,Samsung,http://www.shophive.com/samsung-galaxy-note-4-n9100
Samsung Galaxy Grand Prime SM-G531H,15999,Samsung,http://www.shophive.com/samsung-galaxy-grand-prime-sm-g530
Samsung Galaxy A5,29499,Samsung,http://www.shophive.com/samsung-galaxy-a5
Samsung Galaxy A3,25499,Samsung,http://www.shophive.com/samsung-galaxy-a3
Samsung Galaxy A7 4G LTE,36499,Samsung,http://www.shophive.com/samsung-galaxy-a7
Samsung Galaxy S6 32GB,51999,Samsung,http://www.shophive.com/samsung-galaxy-s6
Samsung Galaxy S6 64GB,62999,Samsung,http://www.shophive.com/samsung-galaxy-s6-64gb
Samsung Galaxy S6 Edge 32GB,59999,Samsung,http://www.shophive.com/samsung-galaxy-s6-edge
Samsung Galaxy A7 4G LTE with Warranty,39499,Samsung,http://www.shophive.com/samsung-galaxy-a7-4g-lte-with-warranty
Samsung Galaxy Alpha SM-G850F,35999,Samsung,http://www.shophive.com/samsung-galaxy-alpha-sm-g850
Samsung Galaxy Note 4,49999,Samsung,http://www.shophive.com/samsung-note-4-n910u
Samsung Galaxy Note 3 N9000,42999,Samsung,http://www.shophive.com/samsung-galaxy-note-3-n900
Samsung Galaxy Grand Neo GT-i9060,16999,Samsung,http://www.shophive.com/samsung-galaxy-grand-neo-gt-i9060
Samsung Galaxy S5 16GB ,39999,Samsung,http://www.shophive.com/samsung-galaxy-s5-16gb-sm-g900
Samsung Galaxy Core II-SM-G355,12999,Samsung,http://www.shophive.com/samsung-galaxy-core-ii-sm-g355h
Samsung Galaxy Star Advance-SM-G350,9499,Samsung,http://www.shophive.com/samsung-galaxy-star-advance-dual-sim-g350
Samsung Metro 312-SM-B312,3499,Samsung,http://www.shophive.com/samsung-metro-312-sm-b312
Samsung Galaxy Note Edge,59999,Samsung,http://www.shophive.com/samsung-galaxy-note-edge
Samsung B310,2599,Samsung,http://www.shophive.com/samsung-b310
Samsung Galaxy Core Prime SM-G360H,14499,Samsung,http://www.shophive.com/samsung-galaxy-core-prime-sm-g360h
Samsung Galaxy S6 Duos SM-G920,54999,Samsung,http://www.shophive.com/samsung-galaxy-s6-duos
Samsung Galaxy J5 SM-J500,22999,Samsung,http://www.shophive.com/samsung-galaxy-j5-sm-j500
Samsung Galaxy S6 Edge Plus SM-G928 (32GB) with Warranty,89999,Samsung,http://www.shophive.com/samsung-galaxy-s6-edge-plus-sm-g928-32gb-with-warranty
Samsung Galaxy Note Edge with Warranty,88999,Samsung,http://www.shophive.com/samsung-galaxy-note-edge-with-warranty
Samsung Galaxy Note 5 32GB with Warranty,71999,Samsung,http://www.shophive.com/samsung-galaxy-note-5-32gb-with-warranty
Samsung Galaxy S6 Edge 32GB with Warranty,64999,Samsung,http://www.shophive.com/samsung-galaxy-s6-edge-32gb-with-warranty
Samsung Galaxy S6 Duos SM-G920 with Warranty,59999,Samsung,http://www.shophive.com/samsung-galaxy-s6-duos-sm-g920-with-warranty
Samsung Galaxy S6 32GB with Warranty,54999,Samsung,http://www.shophive.com/samsung-galaxy-s6-32gb-with-warranty
Samsung Galaxy S6 Edge 64GB,64999,Samsung,http://www.shophive.com/samsung-galaxy-s6-edge-64gb-34823
Samsung Galaxy J1 Ace SM-J110,11999,Samsung,http://www.shophive.com/samsung-galaxy-j1-ace-sm-j110
Samsung Galaxy Grand Prime SM-G531H with Warranty,18999,Samsung,http://www.shophive.com/samsung-galaxy-grand-prime-sm-g531h-with-warranty
Samsung Galaxy A5 with Warranty,35999,Samsung,http://www.shophive.com/samsung-galaxy-a5-with-warranty
Samsung Galaxy Note 5 32GB,64999,Samsung,http://www.shophive.com/samsung-galaxy-note-5-32gb
Samsung Galaxy S6 Edge Plus SM-G928 (32GB),69999,Samsung,http://www.shophive.com/samsung-galaxy-s6-edge-plus-32gb
Samsung Galaxy J7 With Warranty,28999,Samsung,http://www.shophive.com/samsung-galaxy-j7
Samsung Galaxy A8 SM-800,38999,Samsung,http://www.shophive.com/samsung-galaxy-a8-sm-800
Samsung Metro B360 (SM-B360),5799,Samsung,http://www.shophive.com/samsung-metro-b360
Samsung Galaxy S5 16GB SM-G900 with Warranty,42999,Samsung,http://www.shophive.com/samsung-galaxy-s5-16gb-sm-g900-with-warranty
Samsung Galaxy Note 4 N910C with Warranty,59999,Samsung,http://www.shophive.com/samsung-galaxy-note-4-n910c-with-warranty
Samsung Galaxy A8 SM-800 with Warranty,41999,Samsung,http://www.shophive.com/samsung-galaxy-a8-sm-800-with-warranty
Apple iPhone 6S 128GB,96999,Apple,http://www.shophive.com/apple-iphone-6s-128gb
Apple iPhone 6S 64GB (Golden),85999,Apple,http://www.shophive.com/apple-iphone-6s-64gb
Apple iPhone 6S 16GB,75999,Apple,http://www.shophive.com/apple-iphone-6s-16gb
Apple iPhone 6 Plus 128GB,102499,Apple,http://www.shophive.com/apple-iphone-6-plus-128gb
Apple iPhone 6 Plus 64GB,93999,Apple,http://www.shophive.com/apple-iphone-6-plus-64gb
Apple iPhone 6 128GB,87999,Apple,http://www.shophive.com/apple-iphone-6-128gb
Apple iPhone 6 64GB,77499,Apple,http://www.shophive.com/apple-iphone-6-64gb
Apple iPhone 6 Plus 16GB,87499,Apple,http://www.shophive.com/apple-iphone-6-plus-16gb
Apple iPhone 6 16GB,64999,Apple,http://www.shophive.com/apple-iphone-6-16gb
Apple iPhone 6S Plus 16GB,88999,Apple,http://www.shophive.com/apple-iphone-6s-plus-16gb
Apple iPhone 6S Plus 128GB,113999,Apple,http://www.shophive.com/apple-iphone-6s-plus-128gb
Apple iPhone 6S Plus 64GB,99999,Apple,http://www.shophive.com/apple-iphone-6s-plus-64gb
Apple iPhone 5S 16GB,47999,Apple,http://www.shophive.com/apple-iphone-5s-16-gb
Apple iPhone 6S Plus - 64GB with Warranty,108999,Apple,http://www.shophive.com/apple-iphone-6s-plus-64gb-with-warranty
Apple iPhone 6S Plus - 16GB with Warranty,96499,Apple,http://www.shophive.com/apple-iphone-6s-plus-16gb-with-warranty
Apple iPhone 6S - 128GB with Warranty,108999,Apple,http://www.shophive.com/apple-iphone-6s-128gb-with-warranty
Apple iPhone 6S - 64GB with Warranty,96499,Apple,http://www.shophive.com/apple-iphone-6s-64gb-with-warranty
Apple iPhone 6S - 16GB with Warranty,79999,Apple,http://www.shophive.com/apple-iphone-6s-16gb-with-warranty
Apple iPhone 6S 16GB (Rose Gold),77999,Apple,http://www.shophive.com/apple-iphone-6s-16gb-rose-gold
Apple iPhone 6S 64GB (Space Grey),85999,Apple,http://www.shophive.com/apple-iphone-6s-64gb-space-grey
Apple iPhone 6S 64GB (Silver),85999,Apple,http://www.shophive.com/apple-iphone-6s-64gb-silver
Apple iPhone 6S 64GB (Rose Gold),87999,Apple,http://www.shophive.com/apple-iphone-6s-64gb-rose-gold
Apple iPhone 6S Plus - 128GB with Warranty,121499,Apple,http://www.shophive.com/apple-iphone-6s-plus-128gb-with-warranty
